note_id,day,amt0,amt1,price_out,pnl_usd,pnl_ratio
1,5,0.034651001216421506,0.0,2740.3809762760143,-17.023055457601473,-0.15201871278443893
0,7,0.16407237356717802,0.0,2686.662316793651,-86.73293671017211,-0.16441016171318215
10,8,0.5518799915387614,0.0,2623.4507017824767,-109.65004889792908,-0.07040221954563082
22,9,0.11092250412469104,0.0,2635.6011418023404,-3.382783705617044,-0.011438747188498438
27,9,0.08865864551755144,0.0,2635.6011418023404,3.053727449002764,0.013241663057730854
32,11,0.252739643754017,0.0,2660.2967996436387,12.342829430298025,0.01870070033864168
21,12,0.3837690282373017,0.0,2603.0333698049267,-11.794866702137824,-0.011669322835023888
30,12,0.381417556162142,0.0,2603.0333698049267,-9.93737348049956,-0.00990982416930888
12,14,0.11624252950302204,0.0,2675.7090007037627,9.478778076494677,0.031433269769494517
33,15,0.0,1947.3259259020867,2724.6698335873957,50.97592590208683,0.026881074644494334
44,15,0.0,2014.7431813990959,2724.6698335873957,45.623181399095984,0.02316932507876411
6,16,0.19266443273850847,0.0,2692.8213863864253,18.215409145028104,0.03638748111085783
26,16,0.405432870544272,0.0,2692.8213863864253,-5.331695454345208,-0.004859852386171789
31,16,0.0,704.4377003137687,2692.8213863864253,19.631537826776707,0.028667291420803494
4,17,0.12022700485452432,0.0,2659.9017474093457,-41.547979701658846,-0.11498306221746513
16,18,0.5844380851668947,0.0,2741.9050800956124,-17.36624527953927,-0.010720963354120944
42,18,0.0,2199.9427370944222,2741.9050800956124,19.531846099632276,0.008957874032045893
63,19,0.0,1366.3208413502746,2669.4945006896073,33.70918660602274,0.025295581414145774
72,19,0.8478739914911526,0.0,2669.4945006896073,30.52744747622637,0.013671857975592486
50,20,0.0,663.8510369136897,2714.8018364720533,-9.41981853137952,-0.013991127724001212
20,21,0.7815665835572878,0.0,2741.5933625994785,62.64865357280678,0.030118254762342506
23,21,0.5936913565771735,0.0,2741.5933625994785,33.11028262465925,0.020764656250766202
3,22,0.24692870818977433,0.0,2658.3470942919384,-26.01274321290009,-0.038117542106038654
24,22,0.3143200889097863,0.0,2658.3470942919384,32.7510725547487,0.04079499639002081
57,22,0.5144766368809657,0.0,2658.3470942919384,0.9974727336036722,0.0007298616580595555
60,22,0.9628382309139947,0.0,2658.3470942919384,63.22177329478109,0.025325822384551458
8,23,0.28769027894683175,0.0,2764.355233404291,7.138128206214674,0.009056929233657312
69,23,0.0,830.1406675514598,2764.355233404291,17.219657484284312,0.021182448566388228
76,23,0.0,1214.5785349410364,2764.355233404291,28.688534941036323,0.024191564935226978
53,24,0.0,486.1692070686299,2827.1844084879804,8.264066379512371,0.017292273457439614
89,24,0.0,2566.7509344459827,2827.1844084879804,-17.791174425065492,-0.006883685262468732
19,25,0.0,374.4189235393179,2503.103420098605,47.01299619042038,0.14359237956104978
36,25,0.9391171291338198,0.0,2503.103420098605,34.17827602759644,0.014754089288865244
43,25,0.2925216371222638,0.0,2503.103420098605,-8.668089666418382,-0.011699721502022436
2,26,0.4607380254799213,0.0,2495.315451693047,-296.55328583740743,-0.20505122651662755
29,26,0.4007189771953749,0.0,2495.315451693047,42.71724831279994,0.04462715640087309
40,26,0.23459420995958824,0.0,2495.315451693047,-7.643443010116471,-0.012888796536627946
46,26,0.23902016916327307,0.0,2495.315451693047,23.007230580338955,0.04012258121528735
51,26,0.011527975857256833,0.0,2495.315451693047,1.0679347695645518,0.03855638353665156
80,26,0.19684393712047357,0.0,2495.315451693047,-20.4522821311877,-0.039973970235297675
95,26,0.6851320659732991,0.0,2495.315451693047,-45.26957718878657,-0.025796244680133106
64,27,0.11954308353213025,0.0,2325.853934699374,-30.250248800698955,-0.09812270524732866
78,27,0.23282778446979638,0.0,2325.853934699374,-30.625490611145665,-0.05352713273978307
5,28,0.1815115176554575,0.0,2305.3229378029837,-49.65617211205978,-0.10608052864431095
7,28,0.8528295325366049,0.0,2305.3229378029837,-129.58096788667876,-0.06183394189346225
9,28,0.6157401049675834,0.0,2305.3229378029837,-98.65930077550706,-0.06498699725472798
13,29,0.1402553479157844,0.0,2235.204208608959,-70.22065605872496,-0.18299972912208107
17,29,0.44316522816591847,0.0,2235.204208608959,-165.43521689438944,-0.14311004921659987
28,29,0.10049433755316547,0.0,2235.204208608959,-32.87463375979516,-0.1276684806205637
37,29,0.18374556997846847,0.0,2235.204208608959,17.98349187653065,0.045791519513195704
41,29,0.7024617242092389,0.0,2235.204208608959,-200.50459766080326,-0.11323784918578107
97,29,0.5793785303255741,0.0,2235.204208608959,-106.93769620374724,-0.07627689828199763
110,29,0.6644015352013966,0.0,2235.204208608959,-353.9968923115848,-0.19248690496369622
15,30,0.6196715798534629,0.0,2212.8243514969954,-322.3356381696424,-0.1903302145596509
92,30,0.30214375604437976,0.0,2212.8243514969954,21.339938214899917,0.03297010613463173
35,31,0.3310805421240972,0.0,2517.3382391622977,5.4117089315737985,0.006535643553462795
118,31,0.0,507.15779536440465,2517.3382391622977,9.480025482018448,0.019048521062652278
11,32,0.24493334396110975,0.0,2148.199533470228,27.353763556771867,0.05483782928987825
74,32,0.5826644850604323,0.0,2148.199533470228,-96.03075425521365,-0.07125474382166257
85,32,0.47703476092051916,0.0,2148.199533470228,36.59406546223613,0.03703208895765035
91,32,0.7598342552194061,0.0,2148.199533470228,-152.44363620654758,-0.08541603281231518
107,32,0.5200107892338868,0.0,2148.199533470228,-121.85898750947081,-0.09835698662230413
38,33,0.025510819139770994,0.0,2171.496943535016,-8.623334210912702,-0.1346975040754874
58,33,0.4435727735081304,0.0,2171.496943535016,-197.65307809174487,-0.17026288739630183
59,33,0.3314991432915424,0.0,2171.496943535016,-147.64062355793942,-0.17019288240549105
70,33,0.6558992863294583,0.0,2171.496943535016,-288.89670446878335,-0.16863184514691004
86,33,0.3462065741126261,0.0,2171.496943535016,27.809436542722437,0.03841203992989261
88,33,0.6732115532723245,0.0,2171.496943535016,-108.0596285050924,-0.06883057457528385
96,33,0.6973400410579103,0.0,2171.496943535016,-140.45840282075892,-0.08488296479860923
139,33,0.5297576862929141,0.0,2171.496943535016,-3.2028034007553288,-0.0027764274389550083
114,34,0.35623530701495043,0.0,2241.3841149187283,-177.15984168349394,-0.18158693106280513
133,34,0.0,552.3886543603068,2241.3841149187283,9.973698549974529,0.0183875802891063
140,34,0.0,1506.4117955366673,2241.3841149187283,18.26536274232012,0.012273901505796428
152,34,0.0,1000.5183709927088,2241.3841149187283,-7.33342179263127,-0.0072762898723078406
14,35,0.15046264168008033,0.0,2202.3207363495417,17.97675503543195,0.0573622043575567
25,35,1.026325181052856,0.0,2202.3207363495417,-165.24018524820485,-0.06812518508831164
18,36,0.31691835791819833,0.0,2140.7498089428914,-143.03708583612206,-0.1741212029947437
61,36,0.07769948859014042,0.0,2140.7498089428914,7.705604511635244,0.04857609433387895
162,36,0.13913406928953612,0.0,2140.7498089428914,1.0112322490214751,0.0034066576237079746
164,36,0.12194291442144026,0.0,2140.7498089428914,-3.1979427296187737,-0.012102086858410015
45,37,0.7733673894750486,0.0,2199.9995000805707,-71.16194640583058,-0.04014620227548566
132,37,0.8756306783442332,0.0,2199.9995000805707,24.647054612524016,0.012960265132207355
157,37,0.0,585.2599862941088,2199.9995000805707,6.080052883376766,0.01049769256951281
39,38,0.47904994903883535,0.0,2017.265460184326,51.1375766134754,0.05587381317794875
52,38,0.4686414536952667,0.0,2017.265460184326,-87.56756674802023,-0.08477492929630363
54,38,0.4255481356096244,0.0,2017.265460184326,-248.83644438886904,-0.22472766092485102
73,38,0.8132818119666099,0.0,2017.265460184326,-185.97023678311575,-0.101813602643155
101,38,0.4952694928822657,0.0,2017.265460184326,-112.7656849574314,-0.10142114869464136
137,38,0.9702318170731405,0.0,2017.265460184326,-36.42207843134929,-0.018269160619272765
167,38,0.3777083136414299,0.0,2017.265460184326,-69.44206486667508,-0.08352626340142304
34,39,1.0204729740314258,0.0,1879.1231054991026,-254.8925543634789,-0.11732754501341933
49,39,0.5272337791232106,0.0,1879.1231054991026,51.92727284268369,0.055311807692575175
68,39,0.46891490317551926,0.0,1879.1231054991026,43.05992401739297,0.05137870667156781
179,39,0.8471434493500405,0.0,1879.1231054991026,-101.90925943625803,-0.060166191261861256
47,40,0.5000284543230376,0.0,1921.3099227587034,-123.75442776443606,-0.1141157484839546
48,40,0.8568638778589757,0.0,1921.3099227587034,-213.36862666380603,-0.11473469021605817
62,40,0.34734249136579115,0.0,1921.3099227587034,-90.69143100608642,-0.11963874162555171
105,40,0.033966183092260176,0.0,1921.3099227587034,2.624861131464641,0.04190745681779674
121,40,0.5054426735568736,0.0,1921.3099227587034,-63.92120408578671,-0.06175763477508288
146,40,0.9105909219966475,0.0,1921.3099227587034,-212.35161185319157,-0.10823889413351193
161,40,0.24948975050141184,0.0,1921.3099227587034,-17.932022350226646,-0.036060273485710455
163,40,0.7198644389201359,0.0,1921.3099227587034,-80.93201029585248,-0.055280872729635874
66,41,0.6524598907401551,0.0,1910.6551381032464,-173.7740536216154,-0.12234164060267767
75,41,0.49722971156511103,0.0,1910.6551381032464,46.103557382828626,0.05100340639423162
90,41,0.06010547220001542,0.0,1910.6551381032464,-17.90497317648186,-0.13488165233244584
119,41,0.17915519595111806,0.0,1910.6551381032464,13.480046394328951,0.0409947469559446
135,41,0.172641842261117,0.0,1910.6551381032464,-39.48097703218656,-0.10689602272211664
148,41,0.18982032802787333,0.0,1910.6551381032464,11.311705165712794,0.03219319210371564
150,41,0.20264156514734738,0.0,1910.6551381032464,-35.38185235793702,-0.08373213829500431
151,41,0.5809543125183342,0.0,1910.6551381032464,-34.59140672872104,-0.03022153190952629
56,42,0.27331692082265535,0.0,1862.7949366490388,27.042046604177415,0.05609320256049215
65,42,0.09206288969650908,0.0,1862.7949366490388,8.872286810475003,0.054557728482349216
109,42,0.5002599055369741,0.0,1862.7949366490388,38.857726413252635,0.04351252719435569
115,42,0.8038726720230992,0.0,1862.7949366490388,-309.12866644204723,-0.17111276796915567
134,42,0.14066008857382856,0.0,1862.7949366490388,9.425907374323486,0.0373162874176147
83,43,0.18499630016085108,0.0,1910.6662703455045,-49.59244093435359,-0.12304026516951581
103,43,0.3511843710270915,0.0,1910.6662703455045,30.349731947117107,0.04737360878941694
106,43,0.4648282770201949,0.0,1910.6662703455045,39.41375311782974,0.04643916483609847
111,43,0.499297806170645,0.0,1910.6662703455045,-397.7885228922411,-0.29427016444409676
113,43,0.8713109597523143,0.0,1910.6662703455045,-310.903372952959,-0.15736462384747443
187,43,0.9414952144895393,0.0,1910.6662703455045,-60.31160144468299,-0.03243963624427768
55,44,0.2576111871396116,0.0,1939.7856881721348,27.178700287720062,0.057517188586254535
71,44,0.9582424687469857,0.0,1939.7856881721348,-257.0117614807432,-0.1214728006581743
81,44,0.04648930113991516,0.0,1939.7856881721348,-11.68998270427224,-0.11475475799757713
93,44,0.621198956970865,0.0,1939.7856881721348,-417.70715376045837,-0.25741489724561434
94,44,0.4645355885267699,0.0,1939.7856881721348,-134.88508652164546,-0.13019989878619823
117,44,0.17426627870383182,0.0,1939.7856881721348,14.676959142414603,0.04538859450409019
127,44,0.14211570667692108,0.0,1939.7856881721348,-38.935986123639395,-0.12375953124070879
128,44,0.1774073440143265,0.0,1939.7856881721348,13.592745631089258,0.04112291088219789
173,44,0.05133714042234875,0.0,1939.7856881721348,2.981722991982977,0.030866273541139574
175,44,0.31472915305696847,0.0,1939.7856881721348,-21.988167833440343,-0.034764161436472756
67,45,0.44736328206280035,0.0,1887.7643429692785,-286.9535477681377,-0.25361127362469854
77,45,0.47496348832760577,0.0,1887.7643429692785,46.18130096949926,0.054302970760501085
87,45,0.9128486163870634,0.0,1887.7643429692785,-252.3327741328426,-0.12772618933773572
104,45,0.5979081981106095,0.0,1887.7643429692785,-386.0102232377801,-0.2548393255768592
123,45,0.14988118412236237,0.0,1887.7643429692785,11.668618983523572,0.04301450328714259
141,45,0.033678878735997286,0.0,1887.7643429692785,-2.8539959671003814,-0.04296130354898146
154,45,0.6951406792991253,0.0,1887.7643429692785,-40.995596469268094,-0.03029401276356311
168,45,0.4215238371689849,0.0,1887.7643429692785,26.47369975921697,0.0344143243410673
184,45,0.04675309846662865,0.0,1887.7643429692785,-3.193418376769401,-0.03491896980476417
193,45,0.4369099335366019,0.0,1887.7643429692785,-43.86692926149726,-0.05050012451046773
195,45,0.7867808563628367,0.0,1887.7643429692785,-77.90423837885555,-0.049837626549692794
130,46,0.8743332562195443,0.0,1929.1833577618722,-58.54157820150863,-0.03354259361154492
185,46,0.6556582749263831,0.0,1929.1833577618722,-96.06496763316363,-0.0705866987274798
197,47,0.6322077604716806,0.0,1932.7964059050657,-15.371112775045049,-0.012423109007552776
79,48,0.8291072564178429,0.0,2060.728601068271,-175.50879354558901,-0.09315388321435561
82,48,0.8513032254047784,0.0,2060.728601068271,-152.44479431732384,-0.07995008174907742
84,48,0.9234175019202511,0.0,2060.728601068271,-166.08983317318553,-0.08027531040308847
147,48,0.3644336047061833,0.0,2060.728601068271,-49.24660705829342,-0.06153938473458977
156,48,0.3798370488704805,0.0,2060.728601068271,15.034173517913132,0.019583220601373925
190,48,0.3616733228281312,0.0,2060.728601068271,24.261623081539938,0.033647678845759345
99,49,0.4411488585573051,0.0,1980.831780524645,-113.14216315716942,-0.11463426079300192
100,49,0.23808438035120694,0.0,1980.831780524645,-52.61888415309687,-0.10037481121899605
102,49,0.8409471005074838,0.0,1980.831780524645,-184.7890548260043,-0.09985554407823126
116,49,0.4738854709107909,0.0,1980.831780524645,-72.44016539932568,-0.07164295366753855
125,49,0.83675909854956,0.0,1980.831780524645,-185.6309849498782,-0.10071617263748676
171,49,0.8973530433160243,0.0,1980.831780524645,-44.38348674549479,-0.02436124750613404
189,49,0.4352880783796619,0.0,1980.831780524645,-16.16029775029108,-0.018397576277678598
191,49,0.16998662716636237,0.0,1980.831780524645,11.660418171230333,0.03587219479806446
201,49,0.0,1940.661564500029,1980.831780524645,27.43974250879569,0.014342164715765729
228,49,0.0,1752.4725164812166,1980.831780524645,38.472516481216644,0.022446042287757668
236,49,0.0,1507.110741633519,1980.831780524645,29.010741633519046,0.019627049342750186
248,49,0.0,263.91192102408803,1980.831780524645,1.1600253728319103,0.0044149077210524955
165,50,0.49976723904424325,0.0,1964.5293833168294,-27.609626074497328,-0.027352050393741188
98,51,0.7228225111792194,0.0,1979.5449257665966,-183.29677588490676,-0.11355577113578823
124,51,0.3666928970440622,0.0,1979.5449257665966,-22.6814348731981,-0.03029982629157955
126,51,0.5484064290605191,0.0,1979.5449257665966,-118.59483609547055,-0.09848515275452424
131,51,0.34365679079374517,0.0,1979.5449257665966,-52.13594357900888,-0.07118312386200389
158,51,0.14340543314640364,0.0,1979.5449257665966,0.7107156047356966,0.002509883397861401
176,51,0.7385272497796951,0.0,1979.5449257665966,-20.52080634250342,-0.01384232036208828
181,51,0.4689386066376829,0.0,1979.5449257665966,-13.46847801695435,-0.014301489476584786
204,51,0.0,1637.2178447824606,1979.5449257665966,29.677380874046094,0.018461358541415156
241,51,0.0,1864.1738541360705,1979.5449257665966,0.9091089017242666,0.00048791182468808334
120,52,0.3413688260990709,0.0,2001.0470230951883,-126.38492675695522,-0.15613100602480015
143,52,0.3875703429280791,0.0,2001.0470230951883,35.95950122023237,0.04862105770584174
207,52,0.0,927.7853792887707,2001.0470230951883,13.481318205282264,0.014744895904001935
237,52,0.0,1459.173027790399,2001.0470230951883,-4.190967000320597,-0.0028639265522724315
257,52,0.8200316202168515,0.0,2001.0470230951883,-16.248167521145433,-0.009804768081214017
267,52,0.0,934.2612778418696,2001.0470230951883,4.725855628357522,0.005084104936102159
108,53,0.6605966952019197,0.0,2077.739325831977,-355.31226786433126,-0.20563718580459717
122,53,0.5755523261936036,0.0,2077.739325831977,-3.799551273687939,-0.003167223750702824
159,53,0.28372215676349305,0.0,2077.739325831977,0.33068271737465693,0.0005612687634717602
182,53,0.5319645535778991,0.0,2077.739325831977,28.724596965131923,0.026681858531286115
188,53,0.669544148339791,0.0,2077.739325831977,37.00388379419792,0.027326597627360196
223,53,0.0,590.7899333870619,2077.739325831977,-23.597585261453787,-0.038408308348063476
112,54,1.00489272448547,0.0,2068.598435049149,-249.22903860295128,-0.10705951296687981
186,54,0.19081346401775046,0.0,2068.598435049149,3.0964330534256987,0.007906728597685764
194,54,0.6565973007241076,0.0,2068.598435049149,13.20078185139755,0.009814449624458207
214,54,0.0,934.4896360910154,2068.598435049149,-68.57374506431688,-0.06836431909749649
219,54,0.0,361.74786114516803,2068.598435049149,-2.3588956618291377,-0.006478582497384201
258,54,0.0,365.7719286659989,2068.598435049149,7.076960028476492,0.01972974434338409
262,54,0.0,1626.7945304240768,2068.598435049149,1.75597843885339,0.001080576480298393
149,55,0.9276586299858058,0.0,2009.8835432902426,-133.8267818086697,-0.06696989353717359
169,55,0.4026318492469368,0.0,2009.8835432902426,36.241917056508896,0.04688468342937294
199,55,0.0,1906.3092843451443,2009.8835432902426,76.09928434514427,0.041579536963050286
203,55,0.0,793.1730169843786,2009.8835432902426,-4.951738056176737,-0.006204215600260542
239,55,0.0,1624.062858471251,2009.8835432902426,-0.8675907264512261,-0.0005339248377551131
245,55,0.0,250.7768462692565,2009.8835432902426,2.2231946876422057,0.008944526356766094
261,55,0.0,997.9414038673942,2009.8835432902426,8.676723859936715,0.008770882085744036
270,55,0.0,1244.6317325288144,2009.8835432902426,15.486612841090619,0.012599499109612982
153,56,0.24927143924271336,0.0,2003.3034241292064,6.994541670819274,0.014205813306642643
205,56,0.0,1735.6896563460969,2003.3034241292064,32.40597027402123,0.019025586013068845
220,56,0.0,74.29125858340451,2003.3034241292064,-0.8326198214407299,-0.011083291213397052
235,56,0.0,1354.4006538778713,2003.3034241292064,44.040653877871364,0.033609583532671454
249,56,0.0,266.33769274179986,2003.3034241292064,3.0166936675559555,0.011456335340370605
259,56,0.3956265060098341,0.0,2003.3034241292064,21.488446218443187,0.027868293088683063
129,57,0.30862000240201704,0.0,1896.9173600459985,-19.102369560905686,-0.03159876408251103
155,57,0.4594782502739329,0.0,1896.9173600459985,-12.264173661867176,-0.013875752964904953
177,57,0.7546610507187964,0.0,1896.9173600459985,-154.73035194096133,-0.09754413018103043
178,57,0.29030381002881517,0.0,1896.9173600459985,25.615611670422822,0.04878544085554627
198,57,0.5848825794287439,0.0,1896.9173600459985,13.896749429992042,0.012684409480439737
200,57,0.0,708.1870459778953,1896.9173600459985,23.2101872652853,0.03388462977991407
240,57,0.0,1469.7961430022401,1896.9173600459985,47.514599096953816,0.03340730905253028
253,57,0.9711542192450571,0.0,1896.9173600459985,41.84844681024242,0.0232446063432485
278,57,0.47871533653095627,0.0,1896.9173600459985,-66.73656761416669,-0.06846040049872457
144,58,0.5015142143322838,0.0,1829.2745211803463,-43.80430684886039,-0.04557197631166385
202,58,0.4820761119838328,0.0,1829.2745211803463,37.27350249274298,0.04413279615298433
238,58,0.9655420879843034,0.0,1829.2745211803463,7.141540676958357,0.004059769584991392
246,58,1.0129509318050909,0.0,1829.2745211803463,-36.21466924305696,-0.019169517591260208
256,58,0.08198413663668457,0.0,1829.2745211803463,-4.460706200404502,-0.02888456062916513
263,58,0.4089075174999232,0.0,1829.2745211803463,21.599190921000627,0.029734367917207835
138,59,0.4100513668612884,0.0,1805.3378779435934,38.90749891614223,0.05547327377423004
145,59,0.9017963590100061,0.0,1805.3378779435934,-219.0337501329143,-0.1185837355951325
174,59,0.22076367049684623,0.0,1805.3378779435934,19.070994478071725,0.05025533062248446
206,59,0.3741664207868868,0.0,1805.3378779435934,8.050798161450189,0.012062096399271569
211,59,0.029314750869092323,0.0,1805.3378779435934,2.193035756237272,0.043229568295100496
142,60,0.1981243980160513,0.0,1824.2071367609847,19.381102684669997,0.05666345608560684
212,60,0.508906556133316,0.0,1824.2071367609847,19.750971642849777,0.021737807223035192
227,60,0.7253273535471965,0.0,1824.2071367609847,12.145989094902689,0.009264665619472576
242,60,0.11263718545050289,0.0,1824.2071367609847,2.041530751032525,0.010035444187530605
136,61,0.5604824444797293,0.0,1907.1671522994227,-103.86629244777532,-0.08856266409257788
160,61,1.0350103966011956,0.0,1907.1671522994227,-26.647657516668232,-0.01331992942756269
172,61,0.7137232771526821,0.0,1907.1671522994227,-131.98040998290776,-0.08838940641916711
183,61,0.8763493479695967,0.0,1907.1671522994227,-113.02530961336811,-0.06334185713353627
196,61,0.4316904917250703,0.0,1907.1671522994227,-81.02407422196029,-0.08959569429518018
221,61,0.1696765677965148,0.0,1907.1671522994227,13.208887134475958,0.04255540668990008
243,62,0.5682449561623585,0.0,1795.761850567479,3.8992050338878244,0.0038357864082867797
247,62,0.6955646018720355,0.0,1795.761850567479,-39.97162335304165,-0.03100883087649852
299,62,0.31068989094897254,0.0,1795.761850567479,-2.6215953930081923,-0.004676854991600133
166,63,0.2554049927337984,0.0,1818.2844199542053,-77.93108093361741,-0.14369679149893497
180,63,0.5794061046835223,0.0,1818.2844199542053,-156.81490702759606,-0.12956269067170884
318,63,0.23518161613706973,0.0,1818.2844199542053,6.876053704281276,0.016342334213784438
213,64,0.4782021311898513,0.0,1814.4807753449506,18.22857377296907,0.02145901369454603
216,64,1.0010614134406188,0.0,1814.4807753449506,60.51211940043231,0.03446227377569828
226,64,0.49507359316705485,0.0,1814.4807753449506,39.689214289337656,0.04622483763113869
229,64,0.607223747835787,0.0,1814.4807753449506,12.30349577584093,0.011292870577087144
231,64,0.3024786076460181,0.0,1814.4807753449506,6.349146489462669,0.011703658238091812
284,64,0.13678610634670005,0.0,1814.4807753449506,-9.254315104993054,-0.03594605707697538
300,64,0.772483196315512,0.0,1814.4807753449506,6.171137461814396,0.00442221770363694
170,65,0.3735458863189987,0.0,1809.935827172196,-115.64591725845196,-0.14606552309906276
192,65,0.915627425500749,0.0,1809.935827172196,-82.28328007205232,-0.047302557856641905
217,65,0.28611351565373055,0.0,1809.935827172196,10.047102619879809,0.01978555064962546
218,65,0.061044298483992315,0.0,1809.935827172196,5.1479977293492425,0.04887110797237643
268,65,0.8846371927473929,0.0,1809.935827172196,-3.768164511075838,-0.002347905441910389
280,65,0.5707911361322453,0.0,1809.935827172196,-111.99467288192704,-0.09780425371099831
287,65,0.3662798362279837,0.0,1809.935827172196,21.682734792683164,0.03381269045437122
298,65,0.16229590106024247,0.0,1809.935827172196,8.318285987071533,0.029143316805595898
269,66,0.7481592592236553,0.0,1574.6321611455576,-92.83477783496596,-0.07304588676954087
279,66,0.3888290160291885,0.0,1574.6321611455576,22.090539828786746,0.03743067243646876
282,66,0.6094432768487761,0.0,1574.6321611455576,-261.1510158799813,-0.213917935681505
301,66,0.558260990963455,0.0,1574.6321611455576,-61.72960498640032,-0.06561497501946978
312,66,0.13889060895028396,0.0,1574.6321611455576,5.496425115099669,0.02577997747624791
313,66,0.7544307427349926,0.0,1574.6321611455576,-140.28908913255054,-0.1056202863432441
322,66,0.24926952277246836,0.0,1574.6321611455576,9.714728976448612,0.02537853875963956
208,67,0.2619218076636236,0.0,1555.909812570873,-23.718470013683714,-0.05499996539340758
224,67,0.4940017182337734,0.0,1555.909812570873,-53.56786708986965,-0.06515266286032526
225,67,0.9476819298555321,0.0,1555.909812570873,-104.15125749868207,-0.06597451760376466
233,67,0.40938420465153785,0.0,1555.909812570873,-100.06509887114976,-0.13576801333887326
273,67,0.5361554360265514,0.0,1555.909812570873,-82.41845472258774,-0.08991483833803272
275,67,0.46290082607610855,0.0,1555.909812570873,27.540888982427646,0.03975926791578736
210,68,1.0413633755100096,0.0,1471.3608854365523,-139.51234741968324,-0.08345369158704354
234,70,0.7198521806520791,0.0,1523.928624242526,-70.13263903426287,-0.060089518354879363
272,70,1.0383906632009816,0.0,1523.928624242526,-170.8888429000765,-0.0974657441005392
290,70,0.24281771610808076,0.0,1523.928624242526,-99.47313194970025,-0.2118658430059003
215,71,0.6934970701901177,0.0,1568.131690125936,-39.21971426274308,-0.03480892107655979
266,71,0.12427756933619645,0.0,1568.131690125936,8.903176398976939,0.0478715795632079
271,71,0.6607338745917324,0.0,1568.131690125936,-84.59507342379175,-0.07548327578220115
294,71,0.6395577651674466,0.0,1568.131690125936,-95.30969548853068,-0.08678557352307945
295,71,0.1412025330378842,0.0,1568.131690125936,-50.51583321723933,-0.18576095174391163
297,71,0.06704245417534953,0.0,1568.131690125936,-6.78925661488627,-0.060661338162772416
305,71,0.315663628598898,0.0,1568.131690125936,-31.337064304054024,-0.0595377735155778
209,72,0.25576019202307493,0.0,1645.8625733156498,22.976557567078714,0.05773445832537193
230,72,0.043863809624049364,0.0,1645.8625733156498,-2.390138941699874,-0.03204629432060548
250,72,0.20167050133248918,0.0,1645.8625733156498,16.24548872300619,0.051462467844052034
251,72,0.6266120647789488,0.0,1645.8625733156498,-34.410528925687004,-0.032288288365555196
308,72,0.5539192972100211,0.0,1645.8625733156498,-15.146508388002303,-0.016342421489585295
222,73,0.051417777965480936,0.0,1595.4227460001084,4.3360047847061765,0.05580652906531688
307,73,0.06433366153654295,0.0,1595.4227460001084,3.882718971466204,0.03931601836095242
317,73,0.6215463384858896,0.0,1595.4227460001084,-33.57857313736167,-0.03275294542928355
244,74,0.6250572409910219,0.0,1621.543195596693,-38.87808718742599,-0.03694106742337181
232,75,0.8837805640147124,0.0,1587.8222244021401,-49.85205098531628,-0.03430646971718411
252,75,0.6979372059819869,0.0,1587.8222244021401,-56.77016715933496,-0.04873099644735766
264,75,0.03754247754884721,0.0,1587.8222244021401,2.925526800021572,0.05161001537387129
277,75,0.4599853157830893,0.0,1587.8222244021401,-55.94694206748318,-0.07115018120449812
265,76,0.524382590917122,0.0,1577.7073516760117,-151.3577312191419,-0.15465497529237535
281,76,0.3847372220534414,0.0,1577.7073516760117,-63.04101386509228,-0.0940849208034581
296,76,0.7160234575499604,0.0,1577.7073516760117,-96.10375352964957,-0.07840217182153367
310,76,0.1554258107978,0.0,1577.7073516760117,-27.133555664106126,-0.09962752217406325
254,77,0.5023623175748959,0.0,1583.4764497002345,42.06080432930628,0.055826644755981265
276,77,0.4322312404474724,0.0,1583.4764497002345,-51.838072695136134,-0.07040671207935377
304,77,0.6111029627827557,0.0,1583.4764497002345,-48.95632104890615,-0.04815580443249055
255,78,0.39277121929247594,0.0,1589.1516208270755,-142.12698024713507,-0.1854717215804973
274,78,0.6937306299119491,0.0,1589.1516208270755,-216.84684505803807,-0.16436632208084506
286,78,0.6768463697792427,0.0,1589.1516208270755,-257.1584944143942,-0.19295039235156422
260,79,0.08694713502627238,0.0,1615.0502549158562,7.50535660880962,0.05646579618799983
289,79,0.09272903856596677,0.0,1615.0502549158562,-12.691658867722367,-0.07812476784977106
293,79,0.3041300682142263,0.0,1615.0502549158562,-89.41465580303714,-0.1540038852963092
314,79,0.4963156017156885,0.0,1615.0502549158562,-10.086786421893521,-0.012427332512180285
320,79,0.49494732171580696,0.0,1615.0502549158562,-14.707597231548903,-0.018066694455880456
285,80,0.8635993799279529,0.0,1585.4600253443446,-328.84770521206747,-0.19366196826481405
321,80,0.9523296157763612,0.0,1585.4600253443446,-42.877958776855166,-0.02761405517983881
283,82,0.26014432457557535,0.0,1759.7064599311093,24.361947389022987,0.056209194379112336
291,82,0.3826780744573049,0.0,1759.7064599311093,33.571810865566135,0.052469951752763776
292,82,0.18562591737047215,0.0,1759.7064599311093,-26.732874072541847,-0.07564908617505758
315,82,0.909062773694137,0.0,1759.7064599311093,46.06088497232918,0.02964740633532763
316,82,0.25143524684935153,0.0,1759.7064599311093,20.474619043696975,0.04852062906318403
288,83,0.027459310691927155,0.0,1793.969849485534,-0.9504325743388691,-0.018928542848479123
309,84,0.24979699557565796,0.0,1769.3925107354407,15.188981402559989,0.03558805791672285
302,86,0.09570150056563166,0.0,1821.2695303291391,5.86471726305183,0.03481918338378781
306,86,0.7236983248070595,0.0,1821.2695303291391,62.70970812133805,0.049954361464892426
311,86,0.3837947292756597,0.0,1821.2695303291391,34.59259181077664,0.05206582917869279
303,88,0.04063342905125926,0.0,1799.50191449199,2.1494966118692673,0.030287211267859538
319,89,0.10055266273589042,0.0,1796.9720456768928,8.324454680551582,0.048295261183514966
